-- 팀 데이터 삽입
INSERT INTO teams (id, name, phone_number, address, created_at, updated_at)
VALUES
    (1, '팀 A', '010-1234-5678', '서울특별시', '2024-07-25 10:00:00', '2024-07-25 10:00:00'),
    (2, '팀 B', '010-2345-6789', '부산광역시', '2024-07-25 10:00:00', '2024-07-25 10:00:00');

-- 회원 데이터 삽입
INSERT INTO members (id, nickname, email, profile_image, role, allowance, created_at, updated_at)
VALUES
    (1, '사용자1', 'user1@example.com', 'profile1.png', 'USER', true, '2024-07-25 10:00:00', '2024-07-25 10:00:00'),
    (2, '사용자2', 'user2@example.com', 'profile2.png', 'USER', true, '2024-07-25 10:00:00', '2024-07-25 10:00:00'),
    (3, '사용자3', 'user3@example.com', 'profile3.png', 'USER', true, '2024-07-25 10:00:00', '2024-07-25 10:00:00'),
    (4, '사용자4', 'user4@example.com', 'profile4.png', 'USER', true, '2024-07-25 10:00:00', '2024-07-25 10:00:00'),
    (5, '사용자5', 'user5@example.com', 'profile5.png', 'USER', true, '2024-07-25 10:00:00', '2024-07-25 10:00:00');

-- 팀별 권한 데이터 삽입
INSERT INTO participants (id, team_id, member_id, role, created_at, updated_at)
VALUES
    (1, 1, 1, 'ADMIN', '2024-07-25 10:00:00', '2024-07-25 10:00:00'),
    (2, 1, 2, 'ORDERER', '2024-07-25 10:00:00', '2024-07-25 10:00:00'),
    (3, 1, 3, 'VIEWER', '2024-07-25 10:00:00', '2024-07-25 10:00:00'),
    (4, 2, 4, 'ADMIN', '2024-07-25 10:00:00', '2024-07-25 10:00:00'),
    (5, 2, 5, 'ORDERER', '2024-07-25 10:00:00', '2024-07-25 10:00:00'),
    (6, 2, 1, 'VIEWER', '2024-07-25 10:00:00', '2024-07-25 10:00:00'),
    (7, 1, 4, 'ORDERER', '2024-07-25 10:00:00', '2024-07-25 10:00:00'),
    (8, 1, 5, 'VIEWER', '2024-07-25 10:00:00', '2024-07-25 10:00:00');

INSERT INTO inventories (id, team_id, title, view, created_at, updated_at)
VALUES
    (1, 1, '2024년 07월 25일 재고현황', 10, '2024-07-25 10:00:00', '2024-07-25 10:00:00'),
    (2, 2, '2024년 07월 25일 재고현황', 5, '2024-07-25 10:00:00', '2024-07-25 10:00:00');


-- 제품 데이터 삽입
INSERT INTO products (id, name, sub_product, sku, purchase_price, sale_price, amount, inventory_id, created_at, updated_at)
VALUES
    (1, '제품 A', '서브제품1', 1001, 500, 700, 50, 1, '2024-07-25 10:00:00', '2024-07-25 10:00:00'),
    (2, '제품 B', '서브제품2', 1002, 400, 600, 30, 1, '2024-07-25 10:00:00', '2024-07-25 10:00:00');

-- 주문 데이터 삽입
INSERT INTO orders (id, view, memo, date, order_status, order_amount, product_id, member_id, team_id, created_at, updated_at)
VALUES
    (1, 10, '메모1', '2024-07-26', 'CONFIRMED', 10, 1, 1, 1, '2024-07-25 10:00:01', '2024-07-25 10:00:01'),
    (2, 20, '메모2', '2024-07-27', 'CONFIRMED', 5, 1, 2, 1, '2024-07-25 10:01:02', '2024-07-25 10:01:02'),
    (3, 30, '메모3', '2024-07-28', 'PENDING_CONFIRM', 20, 2, 1, 1, '2024-07-25 10:02:03', '2024-07-25 10:02:03'),
    (4, 40, '메모4', '2024-07-26', 'PENDING_MODIFY', 15, 2, 2, 2, '2024-07-25 10:03:04', '2024-07-25 10:03:04'),
    (5, 50, '메모5', '2024-07-27', 'CONFIRMED', 25, 1, 3, 2, '2024-07-25 10:04:05', '2024-07-25 10:04:05'),
    (6, 60, '메모6', '2024-07-28', 'PENDING_CONFIRM', 30, 2, 1, 2, '2024-07-25 10:05:06', '2024-07-25 10:05:06'),
    (7, 70, '메모7', '2024-07-29', 'PENDING_MODIFY', 12, 1, 2, 1, '2024-07-25 10:06:07', '2024-07-25 10:06:07'),
    (8, 80, '메모8', '2024-07-30', 'CONFIRMED', 8, 2, 3, 1, '2024-07-25 10:07:08', '2024-07-25 10:07:08'),
    (9, 90, '메모9', '2024-07-31', 'PENDING_CONFIRM', 18, 1, 1, 1, '2024-07-25 10:08:09', '2024-07-25 10:08:09'),
    (10, 100, '메모10', '2024-08-01', 'PENDING_MODIFY', 22, 2, 2, 1, '2024-07-25 10:09:10', '2024-07-25 10:09:10'),
    (11, 110, '메모11', '2024-08-02', 'CONFIRMED', 11, 1, 1, 1, '2024-07-25 10:10:11', '2024-07-25 10:10:11'),
    (12, 120, '메모12', '2024-08-03', 'CONFIRMED', 6, 1, 2, 1, '2024-07-25 10:11:12', '2024-07-25 10:11:12'),
    (13, 130, '메모13', '2024-08-04', 'PENDING_CONFIRM', 21, 2, 1, 1, '2024-07-25 10:12:13', '2024-07-25 10:12:13'),
    (14, 140, '메모14', '2024-08-05', 'PENDING_MODIFY', 16, 2, 2, 2, '2024-07-25 10:13:14', '2024-07-25 10:13:14'),
    (15, 150, '메모15', '2024-08-06', 'CONFIRMED', 26, 1, 3, 2, '2024-07-25 10:14:15', '2024-07-25 10:14:15'),
    (16, 160, '메모16', '2024-08-07', 'PENDING_CONFIRM', 31, 2, 1, 2, '2024-07-25 10:15:16', '2024-07-25 10:15:16'),
    (17, 170, '메모17', '2024-08-08', 'PENDING_MODIFY', 13, 1, 2, 1, '2024-07-25 10:16:17', '2024-07-25 10:16:17'),
    (18, 180, '메모18', '2024-08-09', 'CONFIRMED', 9, 2, 3, 1, '2024-07-25 10:17:18', '2024-07-25 10:17:18'),
    (19, 190, '메모19', '2024-08-10', 'PENDING_CONFIRM', 19, 1, 1, 1, '2024-07-25 10:18:19', '2024-07-25 10:18:19'),
    (20, 200, '메모20', '2024-08-11', 'PENDING_MODIFY', 23, 2, 2, 1, '2024-07-25 10:19:20', '2024-07-25 10:19:20');

-- 공지 및 일정 데이터 삽입
INSERT INTO informs (id, title, content, view, date, member_id, team_id, created_at, updated_at)
VALUES
    (1, '공지 및 일정1', '내용1', 0, '2024-07-26', 1, 1, '2024-07-25 10:00:01', '2024-07-25 10:00:01'),
    (2, '공지 및 일정2', '내용2', 0, '2024-07-27', 2, 1, '2024-07-25 10:01:02', '2024-07-25 10:01:02'),
    (3, '공지 및 일정3', '내용3', 0, '2024-07-28', 3, 1, '2024-07-25 10:02:03', '2024-07-25 10:02:03'),
    (4, '공지 및 일정4', '내용4', 0, '2024-07-26', 1, 2, '2024-07-25 10:03:04', '2024-07-25 10:03:04'),
    (5, '공지 및 일정5', '내용5', 0, '2024-07-27', 2, 2, '2024-07-25 10:04:05', '2024-07-25 10:04:05'),
    (6, '공지 및 일정6', '내용6', 0, '2024-07-28', 3, 2, '2024-07-25 10:05:06', '2024-07-25 10:05:06'),
    (7, '공지 및 일정7', '내용7', 0, '2024-07-29', 1, 1, '2024-07-25 10:06:07', '2024-07-25 10:06:07'),
    (8, '공지 및 일정8', '내용8', 0, '2024-07-30', 2, 1, '2024-07-25 10:07:08', '2024-07-25 10:07:08'),
    (9, '공지 및 일정9', '내용9', 0, '2024-07-31', 3, 1, '2024-07-25 10:08:09', '2024-07-25 10:08:09'),
    (10, '공지 및 일정10', '내용10', 0, '2024-08-01', 1, 1, '2024-07-25 10:09:10', '2024-07-25 10:09:10'),
    (11, '공지 및 일정11', '내용11', 0, '2024-08-02', 1, 1, '2024-07-25 10:10:11', '2024-07-25 10:10:11'),
    (12, '공지 및 일정12', '내용12', 0, '2024-08-03', 2, 1, '2024-07-25 10:11:12', '2024-07-25 10:11:12'),
    (13, '공지 및 일정13', '내용13', 0, '2024-08-04', 3, 1, '2024-07-25 10:12:13', '2024-07-25 10:12:13'),
    (14, '공지 및 일정14', '내용14', 0, '2024-08-05', 1, 2, '2024-07-25 10:13:14', '2024-07-25 10:13:14'),
    (15, '공지 및 일정15', '내용15', 0, '2024-08-06', 2, 2, '2024-07-25 10:14:15', '2024-07-25 10:14:15'),
    (16, '공지 및 일정16', '내용16', 0, '2024-08-07', 3, 2, '2024-07-25 10:15:16', '2024-07-25 10:15:16'),
    (17, '공지 및 일정17', '내용17', 0, '2024-08-08', 1, 1, '2024-07-25 10:16:17', '2024-07-25 10:16:17'),
    (18, '공지 및 일정18', '내용18', 0, '2024-08-09', 2, 1, '2024-07-25 10:17:18', '2024-07-25 10:17:18'),
    (19, '공지 및 일정19', '내용19', 0, '2024-08-10', 3, 1, '2024-07-25 10:18:19', '2024-07-25 10:18:19'),
    (20, '공지 및 일정20', '내용20', 0, '2024-08-11', 1, 1, '2024-07-25 10:19:20', '2024-07-25 10:19:20');

-- 주문 멘션 데이터 삽입
INSERT INTO order_mentions (id, member_id, order_id, created_at, updated_at)
VALUES
    (1, 1, 1, '2024-07-25 10:00:00', '2024-07-25 10:00:00'),
    (2, 2, 1, '2024-07-25 10:00:00', '2024-07-25 10:00:00'),
    (3, 3, 2, '2024-07-25 10:00:00', '2024-07-25 10:00:00'),
    (4, 4, 2, '2024-07-25 10:00:00', '2024-07-25 10:00:00'),
    (5, 5, 3, '2024-07-25 10:00:00', '2024-07-25 10:00:00'),
    (6, 1, 3, '2024-07-25 10:00:00', '2024-07-25 10:00:00'),
    (7, 2, 4, '2024-07-25 10:00:00', '2024-07-25 10:00:00'),
    (8, 3, 4, '2024-07-25 10:00:00', '2024-07-25 10:00:00'),
    (9, 4, 5, '2024-07-25 10:00:00', '2024-07-25 10:00:00'),
    (10, 5, 5, '2024-07-25 10:00:00', '2024-07-25 10:00:00');

-- 공지 및 일정 멘션 데이터 삽입
INSERT INTO inform_mentions (id, member_id, inform_id, created_at, updated_at)
VALUES
    (1, 1, 1, '2024-07-25 10:00:00', '2024-07-25 10:00:00'),
    (2, 2, 1, '2024-07-25 10:00:00', '2024-07-25 10:00:00'),
    (3, 3, 2, '2024-07-25 10:00:00', '2024-07-25 10:00:00'),
    (4, 4, 2, '2024-07-25 10:00:00', '2024-07-25 10:00:00'),
    (5, 5, 3, '2024-07-25 10:00:00', '2024-07-25 10:00:00'),
    (6, 1, 3, '2024-07-25 10:00:00', '2024-07-25 10:00:00'),
    (7, 2, 4, '2024-07-25 10:00:00', '2024-07-25 10:00:00'),
    (8, 3, 4, '2024-07-25 10:00:00', '2024-07-25 10:00:00'),
    (9, 4, 5, '2024-07-25 10:00:00', '2024-07-25 10:00:00'),
    (10, 5, 5, '2024-07-25 10:00:00', '2024-07-25 10:00:00');
